jobTitle,jobUrl,companyName,companyShortName,companyUrl,salary,salaryMin,salaryMax,city,district,workYear,education,jobNature,jobType,skills,companySize,industryField,financeStage,companyLogo,jobDescription,publishTime,positionId,companyId,searchKeyword,searchCity,pageNumber,scrapedAt
Python开发工程师 (MJ007222),https://www.lagou.com/wn/jobs/12196627.html,微梦创科网络科技（中国）有限公司,微博,https://www.lagou.com/gongsi/5832.html,20k-40k,20,40,北京,海淀区,1-3年,本科,全职,开发|测试|运维类,"数学/统计学相关专业, 社交平台, 社交媒体, PHP, 计算机相关专业",2000人以上,社交媒体,上市公司,https://www.lgstatic.com/thumbnail_300x300/image1/M00/00/0D/CgYXBlTUWCCAdkhOAABNgyvZQag818.jpg,,2026-05-15 17:13:19,12196627,5832,Python,北京,1,2026-05-15T11:06:26.180Z
python（智能体）,https://www.lagou.com/wn/jobs/12770715.html,浩鲸智能科技有限公司,浩鲸智能科技有限公司,https://www.lagou.com/gongsi/147542261.html,11k-19k,11,19,北京,西城区,1-3年,本科,全职,开发|测试|运维类,,150-500人,其他,不需要融资,https://www.lgstatic.com/thumbnail_300x300/10/9b094ce1b826478e86ed23a17af2ac15.png,,2026-05-14 15:20:50,12770715,147542261,Python,北京,1,2026-05-15T11:06:26.180Z
多模态算法工程师 (MJ007031),https://www.lagou.com/wn/jobs/12037144.html,微梦创科网络科技（中国）有限公司,微博,https://www.lagou.com/gongsi/5832.html,30k-60k,30,60,北京,海淀区,1-3年,硕士,全职,开发|测试|运维类,"内容社区, 社交媒体, 机器学习算法/工程化经验, 计算机相关专业, 图像｜视频处理, Python",2000人以上,社交媒体,上市公司,https://www.lgstatic.com/thumbnail_300x300/image1/M00/00/0D/CgYXBlTUWCCAdkhOAABNgyvZQag818.jpg,,2026-05-15 17:44:19,12037144,5832,Python,北京,1,2026-05-15T11:06:26.180Z
前端开发工程师,https://www.lagou.com/wn/jobs/11182383.html,北京搜狐新媒体信息技术有限公司,搜狐集团,https://www.lagou.com/gongsi/106303.html,20k-35k,20,35,北京,海淀区,1-3年,本科,全职,开发|测试|运维类,"内容资讯, JavaScript, Web前端开发, 商业化, React",2000人以上,"内容资讯,游戏,音频｜视频媒体",上市公司,https://www.lgstatic.com/thumbnail_300x300/i/image3/M00/15/40/Cgq2xlpxrIKAPFRwAAAzLesdOpI884.png,,2026-05-15 17:35:13,11182383,106303,Python,北京,1,2026-05-15T11:06:26.180Z
头条策略产品经理-安全方向,https://www.lagou.com/wn/jobs/12032612.html,抖音视界（北京）有限公司,字节跳动,https://www.lagou.com/gongsi/62.html,20k-40k,20,40,北京,海淀区,1-3年,本科,全职,产品|需求|项目类,,2000人以上,"内容资讯,短视频",D轮及以上,https://www.lgstatic.com/thumbnail_300x300/10/a245ba93a25f4defbe9cd27fd9cb69a0.png,,2026-05-15 17:22:19,12032612,62,Python,北京,1,2026-05-15T11:06:26.180Z
python开发工程师,https://www.lagou.com/wn/jobs/11356368.html,北京长亭未来科技有限公司,长亭科技,https://www.lagou.com/gongsi/71438.html,18k-25k,18,25,北京,海淀区,1-3年,本科,全职,开发|测试|运维类,"信息安全, IT技术服务｜咨询",500-2000人,人工智能服务,不需要融资,https://www.lgstatic.com/thumbnail_300x300/i/image3/M00/05/E6/Cgq2xlpfH8mAd9YjAABMwdquYj8694.jpg,,2023-08-14 15:50:31,11356368,71438,Python,北京,1,2026-05-15T11:06:26.180Z
python开发工程师,https://www.lagou.com/wn/jobs/11341450.html,苏州棱镜七彩信息科技有限公司,棱镜七彩,https://www.lagou.com/gongsi/395761.html,15k-25k,15,25,北京,昌平区,1-3年,本科,全职,开发|测试|运维类,"Java, 信息安全",50-150人,信息安全,B轮,https://www.lgstatic.com/thumbnail_300x300/10/dfb065b156bf44c8b0040d17511ec969.png,,2023-08-07 16:56:46,11341450,395761,Python,北京,1,2026-05-15T11:06:26.180Z
python开发工程师,https://www.lagou.com/wn/jobs/11275583.html,北京即刻卡时科技有限公司,即刻卡时,https://www.lagou.com/gongsi/530504.html,15k-30k,15,30,北京,朝阳区,1-3年,本科,全职,开发|测试|运维类,科技金融,50-150人,"移动互联网,金融",A轮,https://www.lgstatic.com/thumbnail_300x300/i/image2/M01/FE/D5/CgotOVyOATKAM93xAABf0rSAjfQ389.jpg,,2023-07-07 17:24:56,11275583,530504,Python,北京,1,2026-05-15T11:06:26.180Z
python开发工程师,https://www.lagou.com/wn/jobs/10950198.html,北京人民在线网络有限公司,人民在线,https://www.lagou.com/gongsi/72729.html,15k-20k,15,20,北京,朝阳区,1-3年,本科,全职,开发|测试|运维类,"Java, 数据服务｜咨询",150-500人,数据服务｜咨询,不需要融资,https://www.lgstatic.com/thumbnail_300x300/i/image/M00/97/5E/Cgp3O1idY0aADV-1AAAP14Bcmfc341.jpg,,2023-02-24 02:00:37,10950198,72729,Python,北京,1,2026-05-15T11:06:26.180Z
python开发工程师,https://www.lagou.com/wn/jobs/10965436.html,中国科学院自动化研究所,中科院自动化所,https://www.lagou.com/gongsi/39793.html,20k-25k,20,25,北京,海淀区,1-3年,硕士,全职,开发|测试|运维类,人工智能服务,2000人以上,人工智能服务,不需要融资,https://www.lgstatic.com/thumbnail_300x300/image1/M00/00/61/CgYXBlTUXVGAdnarAACeb6MPuzM189.jpg,,2023-02-18 02:00:28,10965436,39793,Python,北京,1,2026-05-15T11:06:26.180Z
python工程师,https://www.lagou.com/wn/jobs/11245483.html,如东多变科技有限公司,多变,https://www.lagou.com/gongsi/122892023.html,10k-20k,10,20,北京,东城区,1-3年,本科,全职,开发|测试|运维类,人工智能服务,50-150人,"社交平台,内容社区,社交媒体",未融资,https://www.lgstatic.com/thumbnail_300x300/i/image6/M01/36/AC/Cgp9HWB0B7yAY_LdAABlLaTXkvk678.png,,2023-06-25 15:09:17,11245483,122892023,Python,北京,1,2026-05-15T11:06:26.181Z
python工程师,https://www.lagou.com/wn/jobs/11236454.html,有家有保（北京）科技有限公司,有家有保,https://www.lagou.com/gongsi/492044.html,10k-20k,10,20,北京,东城区,1-3年,本科,全职,开发|测试|运维类,人工智能服务,15-50人,"移动互联网,金融",天使轮,https://www.lgstatic.com/thumbnail_300x300/i/image2/M01/E3/4E/CgotOVxvtneARUhAAABMOha0uKc064.png,,2023-06-20 09:41:59,11236454,492044,Python,北京,1,2026-05-15T11:06:26.181Z
python开发工程师,https://www.lagou.com/wn/jobs/11012320.html,北京博奥瑞科技有限公司,博奥瑞,https://www.lagou.com/gongsi/123187211.html,10k-12k,10,12,北京,海淀区,1-3年,本科,全职,开发|测试|运维类,"制造业, MySQL, 物联网",50-150人,"物联网,制造业",未融资,https://www.lgstatic.com/thumbnail_300x300/i/image6/M00/40/A9/Cgp9HWCmK-OAbnFOAAAkApW2iWE164.png,,2023-01-30 10:21:31,11012320,123187211,Python,北京,1,2026-05-15T11:06:26.181Z
python开发工程师,https://www.lagou.com/wn/jobs/11375094.html,北京新蓝途人力资源有限公司,新蓝途,https://www.lagou.com/gongsi/123561526.html,15k-23k,15,23,北京,海淀区,1-3年,本科,全职,开发|测试|运维类,"IT技术服务｜咨询, 计算机相关专业",少于15人,专业服务｜咨询,不需要融资,https://www.lgstatic.com/thumbnail_300x300/i/image6/M00/47/DB/Cgp9HWDSkDSAOQ2DAAA-Uf5gn5E351.jpg,,2023-08-23 14:18:19,11375094,123561526,Python,北京,1,2026-05-15T11:06:26.181Z
python工业算法开发工程师,https://www.lagou.com/wn/jobs/12421174.html,南京林一能源科技有限公司,林一能源科技,https://www.lagou.com/gongsi/393282.html,15k-22k,15,22,北京,海淀区,1-3年,本科,全职,公务员|其他,"人工智能服务, 算法工程化经验, 物联网, 风控算法",15-50人,"数据服务,硬件",未融资,https://www.lgstatic.com/thumbnail_300x300/i/image3/M00/53/FE/Cgq2xlsPeAWAd6n5AAASt5JVtOQ554.png,,2025-08-12 16:55:34,12421174,393282,Python,北京,1,2026-05-15T11:06:26.181Z
python开发工程师,https://www.lagou.com/wn/jobs/12241169.html,北京天之华软件系统技术有限责任公司,天之华,https://www.lagou.com/gongsi/36406.html,2k-3k,2,3,北京,海淀区,在校/应届,本科,兼职,开发|测试|运维类,"软件服务｜咨询, 机器学习算法/工程化经验, IT技术服务｜咨询, 计算机相关专业",50-150人,数据服务,未融资,https://www.lgstatic.com/thumbnail_300x300/images/logo_default.png,,2025-03-14 11:08:04,12241169,36406,Python,北京,1,2026-05-15T11:06:27.590Z
python开发工程师,https://www.lagou.com/wn/jobs/11017836.html,北京安全共识科技有限公司,安全共识,https://www.lagou.com/gongsi/121986641.html,7k-10k,7,10,北京,海淀区,在校/应届,本科,实习,开发|测试|运维类,信息安全,50-150人,信息安全,A轮,https://www.lgstatic.com/thumbnail_300x300/i/image/M00/5E/63/CgqCHl-GnLqASuMFAABgYRTLHcs534.png,,2023-02-01 15:00:40,11017836,121986641,Python,北京,1,2026-05-15T11:06:27.590Z
python开发,https://www.lagou.com/wn/jobs/10154600.html,景生星月信息科技（北京）有限公司,景生星月信息科技,https://www.lagou.com/gongsi/82759262.html,4k-6k,4,6,北京,朝阳区,在校/应届,本科,实习,开发|测试|运维类,"软件服务｜咨询, 科技金融",15-50人,"软件服务｜咨询,人工智能服务,科技金融",未融资,https://www.lgstatic.com/thumbnail_300x300/i/image2/M01/7B/D5/CgoB5l1eVzmAKlxLAACKGFa5riQ348.jpg,,2023-01-12 19:36:10,10154600,82759262,Python,北京,1,2026-05-15T11:06:27.590Z
python开发工程师,https://www.lagou.com/wn/jobs/10907133.html,北京华美汉盛信息技术有限公司,华美汉盛,https://www.lagou.com/gongsi/34960.html,7k-8k,7,8,北京,海淀区,在校/应届,本科,全职,开发|测试|运维类,IT技术服务｜咨询,50-150人,IT技术服务｜咨询,未融资,https://www.lgstatic.com/thumbnail_300x300/image1/M00/00/52/Cgo8PFTUXRSACaOeAABM0unylaM597.jpg,,2022-12-22 15:27:15,10907133,34960,Python,北京,1,2026-05-15T11:06:27.590Z
python开发工程师,https://www.lagou.com/wn/jobs/10454137.html,北京迈迪培尔信息技术有限公司,北京迈迪培尔信息技术有限公司,https://www.lagou.com/gongsi/245715.html,6k-12k,6,12,北京,门头沟区,在校/应届,本科,全职,开发|测试|运维类,人工智能服务,15-50人,医疗丨健康,天使轮,https://www.lgstatic.com/thumbnail_300x300/i/image/M00/5F/E8/CgpEMlmRJ3eAVQZ8AAAje3uy0js535.jpg,,2022-09-27 15:25:24,10454137,245715,Python,北京,1,2026-05-15T11:06:27.590Z
python工程师,https://www.lagou.com/wn/jobs/8611445.html,信永中和会计师事务所（特殊普通合伙）,信永中和,https://www.lagou.com/gongsi/454889.html,5k-10k,5,10,北京,东城区,在校/应届,本科,实习,开发|测试|运维类,"C++, 科技金融, IT技术服务｜咨询",2000人以上,专业服务｜咨询,不需要融资,https://www.lgstatic.com/thumbnail_300x300/i/image2/M01/90/AF/CgotOVujRpOAXPDRAABysG5nmgE703.png,,2023-08-15 16:06:46,8611445,454889,Python,北京,1,2026-05-15T11:06:27.590Z
python开发实习生,https://www.lagou.com/wn/jobs/12692161.html,东方汇智资产管理有限公司,东方汇智资产管理有限公司,https://www.lagou.com/gongsi/144774550.html,8k-9k,8,9,北京,西城区,在校/应届,硕士,实习,开发|测试|运维类,金融业,50-150人,金融业,不需要融资,https://www.lgstatic.com/thumbnail_300x300/10/f3422edc7ca84b5db0205c4c1da376aa.png,,2026-03-13 09:44:29,12692161,144774550,Python,北京,1,2026-05-15T11:06:27.590Z
Python研发工程师（实习生）,https://www.lagou.com/wn/jobs/12311723.html,中电达通数据技术股份有限公司,中电达通,https://www.lagou.com/gongsi/340095.html,7k-10k,7,10,北京,朝阳区,在校/应届,本科,实习,开发|测试|运维类,"人工智能服务, Hadoop, IT技术服务｜咨询, MATLAB, 数据挖掘",50-150人,"移动互联网,信息安全",B轮,https://www.lgstatic.com/thumbnail_300x300/i/image6/M00/05/62/Cgp9HWAwrtGAV_W9AAAyTn7Ujq8864.png,,2025-05-13 10:14:46,12311723,340095,Python,北京,1,2026-05-15T11:06:27.590Z
python工程师（居家办公）,https://www.lagou.com/wn/jobs/12009530.html,北京必来屋网络科技有限公司,北京必来屋网络科技有限公司,https://www.lagou.com/gongsi/122588480.html,10k-15k,10,15,北京,朝阳区,在校/应届,本科,全职,开发|测试|运维类,区块链,50-150人,金融业,不需要融资,https://www.lgstatic.com/thumbnail_300x300/images/logo_default.png,,2024-08-21 11:08:11,12009530,122588480,Python,北京,1,2026-05-15T11:06:27.590Z
python实习生—24届可转正(001692),https://www.lagou.com/wn/jobs/11401457.html,畅捷通信息技术股份有限公司,畅捷通,https://www.lagou.com/gongsi/28818.html,20k-30k,20,30,北京,海淀区,在校/应届,硕士,全职,开发|测试|运维类,软件服务｜咨询,500-2000人,软件服务｜咨询,上市公司,https://www.lgstatic.com/thumbnail_300x300/i/image3/M00/30/8E/CgpOIFqh-c6ACYQXAAAZXXdhXK4976.png,,2023-09-06 15:13:39,11401457,28818,Python,北京,1,2026-05-15T11:06:27.590Z
python开发实习工程师,https://www.lagou.com/wn/jobs/11252430.html,集智学园（北京）科技有限公司,集智学园,https://www.lagou.com/gongsi/387420.html,3k-5k,3,5,北京,门头沟区,在校/应届,本科,实习,开发|测试|运维类,"人工智能服务, 科研服务",少于15人,"移动互联网,教育",天使轮,https://www.lgstatic.com/thumbnail_300x300/i/image/M00/8E/5B/CgpFT1r-cEiAMeDIAAA9guYGuAk184.jpg,,2023-06-27 22:47:55,11252430,387420,Python,北京,1,2026-05-15T11:06:27.590Z
Python/固件开发工程师,https://www.lagou.com/wn/jobs/11019977.html,北京丰申科技有限公司,丰申科技,https://www.lagou.com/gongsi/133486441.html,3k-5k,3,5,北京,通州区,在校/应届,硕士,实习,开发|测试|运维类,"UART/I2C/CAN等, 人工智能服务, C语言, 智能硬件, 硬件接口协议",少于15人,智能硬件,不需要融资,https://www.lgstatic.com/thumbnail_300x300/10/8b63e9b485aa456ab4b94b453351ccff.jpg,,2023-02-02 13:39:46,11019977,133486441,Python,北京,1,2026-05-15T11:06:27.590Z
python图像处理实习生,https://www.lagou.com/wn/jobs/11019895.html,北京直引科技有限公司,北京直引科技有限公司,https://www.lagou.com/gongsi/126042247.html,6k-7k,6,7,北京,朝阳区,在校/应届,硕士,实习,开发|测试|运维类,"人工智能服务, 工具类产品, 图像｜视频处理",15-50人,"音频｜视频媒体,人工智能服务",天使轮,https://www.lgstatic.com/thumbnail_300x300/i/image6/M01/62/5A/CioPOWGXqHWAbpCHAAAER7Bg6iQ653.png,,2023-02-02 12:41:56,11019895,126042247,Python,北京,1,2026-05-15T11:06:27.590Z
python后端开发,https://www.lagou.com/wn/jobs/10482555.html,景生星月信息科技（北京）有限公司,景生星月信息科技,https://www.lagou.com/gongsi/82759262.html,4k-6k,4,6,北京,朝阳区,在校/应届,本科,实习,开发|测试|运维类,"软件服务｜咨询, 科技金融",15-50人,"软件服务｜咨询,人工智能服务,科技金融",未融资,https://www.lgstatic.com/thumbnail_300x300/i/image2/M01/7B/D5/CgoB5l1eVzmAKlxLAACKGFa5riQ348.jpg,,2023-01-12 19:36:10,10482555,82759262,Python,北京,1,2026-05-15T11:06:27.590Z
python爬虫工程师,https://www.lagou.com/wn/jobs/9607374.html,北京聚源锐思数据科技有限公司,锐思数据,https://www.lagou.com/gongsi/120992286.html,8k-10k,8,10,北京,海淀区,在校/应届,本科,全职,开发|测试|运维类,"IT技术服务｜咨询, 数据服务｜咨询",50-150人,"教育,软件开发",不需要融资,https://www.lgstatic.com/thumbnail_300x300/i/image/M00/4B/81/CgqCHl9VyRCAcc6FAAA_KhlRPs0908.jpg,,2022-11-30 16:31:45,9607374,120992286,Python,北京,1,2026-05-15T11:06:27.590Z
Python爬虫实习生,https://www.lagou.com/wn/jobs/9439326.html,北京氢元数据信息技术有限公司,氢元数据,https://www.lagou.com/gongsi/197412.html,4k-6k,4,6,北京,海淀区,在校/应届,本科,实习,开发|测试|运维类,,15-50人,数据服务｜咨询,天使轮,https://www.lgstatic.com/thumbnail_300x300/i/image/M00/4A/85/CgpFT1ltW66AYyyvAAAIdg9iEZ8862.jpg,,2022-10-04 11:48:21,9439326,197412,Python,北京,2,2026-05-15T11:06:31.708Z
2023- Python/Golong 开发工程师(J10261),https://www.lagou.com/wn/jobs/10779771.html,北京四维图新科技股份有限公司,四维图新,https://www.lagou.com/gongsi/31590.html,15k-25k,15,25,北京,海淀区,在校/应届,本科,全职,开发|测试|运维类,人工智能服务,2000人以上,数据服务｜咨询,上市公司,https://www.lgstatic.com/thumbnail_300x300/image1/M00/28/43/Cgo8PFVeyH-AIv6ZAAAxGUh8MS0606.png,,2022-08-29 10:50:37,10779771,31590,Python,北京,2,2026-05-15T11:06:31.708Z
开发工程师（java、c++、python、linux系统、前端开发方向）,https://www.lagou.com/wn/jobs/11019323.html,北京神舟航天软件技术股份有限公司,神软,https://www.lagou.com/gongsi/126669858.html,13k-18k,13,18,北京,海淀区,在校/应届,硕士,全职,开发|测试|运维类,"软件服务｜咨询, C语言, IT技术服务｜咨询",500-2000人,软件服务｜咨询,不需要融资,https://www.lgstatic.com/thumbnail_300x300/10/d4ecb9b341b94312a2c06f66c14ac634.png,,2023-02-02 10:07:23,11019323,126669858,Python,北京,2,2026-05-15T11:06:31.708Z
Python实习生,https://www.lagou.com/wn/jobs/10509285.html,北京岁月桔子科技有限公司,IT桔子,https://www.lagou.com/gongsi/9483.html,2k-4k,2,4,北京,朝阳区,在校/应届,本科,全职,开发|测试|运维类,"MySQL, 数据服务｜咨询",15-50人,数据服务｜咨询,B轮,https://www.lgstatic.com/thumbnail_300x300/i/image2/M00/4E/49/CgoB5lsFGg2AYKxOAAAOGgZcUnc680.jpg,,2022-12-27 17:50:45,10509285,9483,Python,北京,2,2026-05-15T11:06:31.708Z
python爬虫工程师,https://www.lagou.com/wn/jobs/10332884.html,北京岁月桔子科技有限公司,IT桔子,https://www.lagou.com/gongsi/9483.html,2k-4k,2,4,北京,朝阳区,在校/应届,本科,实习,开发|测试|运维类,"CSS, Linux, MySQL, HTML, 数据服务｜咨询",15-50人,数据服务｜咨询,B轮,https://www.lgstatic.com/thumbnail_300x300/i/image2/M00/4E/49/CgoB5lsFGg2AYKxOAAAOGgZcUnc680.jpg,,2022-12-27 17:50:45,10332884,9483,Python,北京,2,2026-05-15T11:06:31.708Z
豆包大模型产品解决方案实习生-Data AML,https://www.lagou.com/wn/jobs/12566146.html,抖音视界（北京）有限公司,字节跳动,https://www.lagou.com/gongsi/62.html,2k-4k,2,4,北京,海淀区,在校/应届,本科,实习,产品|需求|项目类,产品经理,2000人以上,"内容资讯,短视频",D轮及以上,https://www.lgstatic.com/thumbnail_300x300/10/a245ba93a25f4defbe9cd27fd9cb69a0.png,,2026-05-15 01:30:42,12566146,62,Python,北京,2,2026-05-15T11:06:31.708Z
后端开发实习生-番茄小说,https://www.lagou.com/wn/jobs/12347368.html,抖音视界（北京）有限公司,字节跳动,https://www.lagou.com/gongsi/62.html,6k-8k,6,8,北京,海淀区,在校/应届,本科,实习,开发|测试|运维类,,2000人以上,"内容资讯,短视频",D轮及以上,https://www.lgstatic.com/thumbnail_300x300/10/a245ba93a25f4defbe9cd27fd9cb69a0.png,,2026-05-15 01:26:35,12347368,62,Python,北京,2,2026-05-15T11:06:31.708Z
测试实习生,https://www.lagou.com/wn/jobs/12769805.html,中都数科供应链管理有限公司北京分公司,中都北京行达分公司,https://www.lagou.com/gongsi/137894766.html,3k-4k,3,4,北京,大兴区,在校/应届,本科,实习,开发|测试|运维类,"新能源汽车制造, 汽车交易平台",500-2000人,"汽车交易平台,新能源汽车制造",不需要融资,https://www.lgstatic.com/thumbnail_300x300/10/107e510edda747218f08a2a403ddcca0.png,,2026-05-14 09:13:25,12769805,137894766,Python,北京,2,2026-05-15T11:06:31.708Z
信息安全岗实习生,https://www.lagou.com/wn/jobs/12766362.html,北京国家金融科技风险监控中心有限公司,北京国家金融科技风险监控中心有限公司,https://www.lagou.com/gongsi/147552844.html,3k-4k,3,4,北京,西城区,在校/应届,硕士,实习,开发|测试|运维类,金融业,15-50人,金融业,不需要融资,https://www.lgstatic.com/thumbnail_300x300/10/9e0844ae6ed543259a84b6482bb9eb9f.png,,2026-05-12 09:45:49,12766362,147552844,Python,北京,2,2026-05-15T11:06:31.708Z
水利与数字化业务部项目助理,https://www.lagou.com/wn/jobs/12764372.html,中咨规划设计研究有限公司,中咨规划设计研究有限公司,https://www.lagou.com/gongsi/147550867.html,7k-12k,7,12,北京,西城区,在校/应届,本科,全职,产品|需求|项目类,,150-500人,其他,不需要融资,https://www.lgstatic.com/thumbnail_300x300/10/5daeba92c16f4d71a720d334a4011d01.png,,2026-05-10 15:04:02,12764372,147550867,Python,北京,2,2026-05-15T11:06:31.708Z
嵌入式工程师,https://www.lagou.com/wn/jobs/12762977.html,成都士模微电子有限责任公司,成都士模微电子有限责任公司,https://www.lagou.com/gongsi/146572060.html,18k-22k,18,22,北京,海淀区,在校/应届,硕士,全职,开发|测试|运维类,,15-50人,其他,不需要融资,https://www.lgstatic.com/thumbnail_300x300/10/a956ccec870b4b3196d02cc0290b79ad.png,,2026-05-09 09:49:33,12762977,146572060,Python,北京,2,2026-05-15T11:06:31.708Z
算法工程师（PET/SPECT重建）,https://www.lagou.com/wn/jobs/12240357.html,赛诺联合医疗科技（北京）有限公司,赛诺联合医疗,https://www.lagou.com/gongsi/136739615.html,14k-20k,14,20,北京,海淀区,在校/应届,硕士,全职,开发|测试|运维类,医疗｜保健｜美容,150-500人,医疗｜保健｜美容,不需要融资,https://www.lgstatic.com/thumbnail_300x300/10/b342b056bac54c5cb34bd033f17feb47.png,,2026-05-08 18:04:02,12240357,136739615,Python,北京,2,2026-05-15T11:06:31.708Z
FPGA PL设计工程师实习生,https://www.lagou.com/wn/jobs/12762123.html,安富利电子（上海）有限公司,安富利Avnet,https://www.lagou.com/gongsi/136205562.html,5k-6k,5,6,北京,朝阳区,在校/应届,硕士,实习,开发|测试|运维类,贸易｜进出口,2000人以上,贸易｜进出口,不需要融资,https://www.lgstatic.com/thumbnail_300x300/images/logo_default.png,,2026-05-08 15:08:54,12762123,136205562,Python,北京,2,2026-05-15T11:06:31.708Z
射频天线仿真工程师实习生,https://www.lagou.com/wn/jobs/12761995.html,安富利电子（上海）有限公司,安富利Avnet,https://www.lagou.com/gongsi/136205562.html,5k-6k,5,6,北京,朝阳区,在校/应届,硕士,实习,开发|测试|运维类,贸易｜进出口,2000人以上,贸易｜进出口,不需要融资,https://www.lgstatic.com/thumbnail_300x300/images/logo_default.png,,2026-05-08 14:23:35,12761995,136205562,Python,北京,2,2026-05-15T11:06:31.708Z
分布式资源互动开发工程师,https://www.lagou.com/wn/jobs/12460078.html,清华大学,清华大学,https://www.lagou.com/gongsi/136211132.html,12k-24k,12,24,北京,海淀区,在校/应届,硕士,全职,开发|测试|运维类,,150-500人,,不需要融资,https://www.lgstatic.com/thumbnail_300x300/10/5bcd03120e8e4d79b991ed851029ff6b.png,,2026-05-08 09:21:19,12460078,136211132,Python,北京,2,2026-05-15T11:06:31.708Z
Python开发工程师,https://www.lagou.com/wn/jobs/12397120.html,昆仑太科（北京）技术股份有限公司,昆仑太科,https://www.lagou.com/gongsi/127893047.html,15k-25k,15,25,北京,朝阳区,3-5年,本科,全职,开发|测试|运维类,"软件服务｜咨询, C++, 爬虫经验, 大数据开发经验, 科技金融, 计算机相关专业",150-500人,软件服务｜咨询,未融资,https://www.lgstatic.com/thumbnail_300x300/10/d676748af919469f9ba485641a3cd74a.png,,2026-05-15 17:44:23,12397120,127893047,Python,北京,1,2026-05-15T11:06:34.218Z
Python高级开发工程师,https://www.lagou.com/wn/jobs/12752021.html,北京迪普思信息科技有限公司,迪普思,https://www.lagou.com/gongsi/144858199.html,13k-25k,13,25,北京,朝阳区,5-10年,本科,全职,开发|测试|运维类,"计算机专业, Agent开发, 后端开发经验, 人工智能服务, 数据分析, 全栈侧重后端, Vue, 工具类产品, 全栈项目经验",15-50人,"工具类产品,软件服务｜咨询",未融资,https://www.lgstatic.com/thumbnail_300x300/10/3026e81765de40bf8f40f57e99e2e1d0.png,,2026-04-27 23:11:34,12752021,144858199,Python,北京,1,2026-05-15T11:06:34.218Z
python开发工程师,https://www.lagou.com/wn/jobs/12604255.html,龙源数字城市（北京）科技有限公司,龙源集团,https://www.lagou.com/gongsi/144343088.html,15k-18k,15,18,北京,顺义区,5-10年,本科,全职,开发|测试|运维类,"内容社区, 电商平台",150-500人,"电商平台,内容社区",不需要融资,https://www.lgstatic.com/thumbnail_300x300/10/670f5c76aa2341bca1cfe21a8a967706.png,,2026-05-13 10:45:23,12604255,144343088,Python,北京,1,2026-05-15T11:06:34.218Z
python开发工程师,https://www.lagou.com/wn/jobs/8689034.html,北京艾唯博瑞科技有限公司,艾唯博瑞,https://www.lagou.com/gongsi/34457.html,10k-15k,10,15,北京,朝阳区,3-5年,本科,全职,开发|测试|运维类,在线教育,15-50人,"营销服务｜咨询,新媒体",未融资,https://www.lgstatic.com/thumbnail_300x300/image1/M00/00/51/CgYXBlTUXQ2AOBOqAABs6_fIg3M358.jpg,,2026-04-11 02:00:15,8689034,34457,Python,北京,1,2026-05-15T11:06:34.218Z
Python开发工程师,https://www.lagou.com/wn/jobs/12311227.html,亚信科技（中国）有限公司,亚信联创,https://www.lagou.com/gongsi/136153448.html,15k-22k,15,22,北京,东城区,3-5年,本科,全职,开发|测试|运维类,,2000人以上,其他,不需要融资,https://www.lgstatic.com/thumbnail_300x300/10/468d412068e54d4ebb3ee27eb8721eb1.png,,2025-12-23 14:32:01,12311227,136153448,Python,北京,1,2026-05-15T11:06:34.218Z
Python开发工程师,https://www.lagou.com/wn/jobs/11390055.html,信永中和会计师事务所（特殊普通合伙）,信永中和,https://www.lagou.com/gongsi/454889.html,10k-20k,10,20,北京,东城区,3-5年,本科,全职,开发|测试|运维类,"网络爬虫, 软件服务｜咨询, 全栈, IT技术服务｜咨询",2000人以上,专业服务｜咨询,不需要融资,https://www.lgstatic.com/thumbnail_300x300/i/image2/M01/90/AF/CgotOVujRpOAXPDRAABysG5nmgE703.png,,2025-09-12 02:00:04,11390055,454889,Python,北京,1,2026-05-15T11:06:34.218Z
python开发工程师,https://www.lagou.com/wn/jobs/12442675.html,深圳星途启航科技有限公司北京分公司,深圳星途启航科技有限公司北京分公司,https://www.lagou.com/gongsi/144997852.html,11k-17k,11,17,北京,朝阳区,3-5年,本科,全职,开发|测试|运维类,,少于15人,,不需要融资,https://www.lgstatic.com/thumbnail_300x300/10/538ddc973a6347259e7fe5ad2840c98a.png,,2025-08-28 19:37:45,12442675,144997852,Python,北京,1,2026-05-15T11:06:34.218Z
python开发工程师,https://www.lagou.com/wn/jobs/10925379.html,北京外播叁科技有限公司,外播叁,https://www.lagou.com/gongsi/130705390.html,18k-30k,18,30,北京,海淀区,3-5年,本科,全职,开发|测试|运维类,"区块链, 互联网",少于15人,区块链,未融资,https://www.lgstatic.com/thumbnail_300x300/images/logo_default.png,,2025-08-15 02:00:01,10925379,130705390,Python,北京,1,2026-05-15T11:06:34.218Z
python开发工程师,https://www.lagou.com/wn/jobs/12340161.html,预远科技（上海）有限公司,预远科技,https://www.lagou.com/gongsi/490640.html,15k-25k,15,25,北京,朝阳区,3-5年,本科,全职,开发|测试|运维类,"科技金融, IT技术服务｜咨询, 计算机相关专业",50-150人,"科技金融,IT技术服务｜咨询",不需要融资,https://www.lgstatic.com/thumbnail_300x300/i/image2/M01/BD/77/CgoB5lwi-AiAbb2lAABFcyu7F28146.png,,2025-06-07 02:00:15,12340161,490640,Python,北京,1,2026-05-15T11:06:34.218Z
python开发工程师,https://www.lagou.com/wn/jobs/12242797.html,北京融智国创科技有限公司,融智国创,https://www.lagou.com/gongsi/752906.html,7k-12k,7,12,北京,海淀区,不限,本科,全职,开发|测试|运维类,"软件服务｜咨询, 人工智能服务, 计算机相关专业",50-150人,智能硬件,未融资,https://www.lgstatic.com/thumbnail_300x300/i/image2/M01/6B/3F/CgoB5l0-b8SAUL7eAABQRwj_KpU835.png,,2025-03-17 02:00:02,12242797,752906,Python,北京,1,2026-05-15T11:06:34.218Z
python工程师,https://www.lagou.com/wn/jobs/12219922.html,百奥赛图（北京）医药科技股份有限公司,百奥赛图,https://www.lagou.com/gongsi/123854020.html,25k-50k,25,50,北京,大兴区,3-5年,本科,全职,化工|生物|制药|医护,生物医药,2000人以上,医疗｜保健｜美容,D轮及以上,https://www.lgstatic.com/thumbnail_300x300/i/image6/M00/53/3B/Cgp9HWEU1JuAR5HAAAA_ZhlGfAk148.png,,2025-02-28 11:05:06,12219922,123854020,Python,北京,1,2026-05-15T11:06:34.218Z
python开发工程师,https://www.lagou.com/wn/jobs/12065948.html,北京千诀科技有限公司,千诀科技,https://www.lagou.com/gongsi/143816734.html,9k-16k,9,16,北京,海淀区,1年以下,本科,全职,开发|测试|运维类,"机器人, 人工智能服务, 大模型, 具身智能",50-150人,"人工智能服务,智能硬件",A轮,https://www.lgstatic.com/thumbnail_300x300/10/7ef09765638a41fbb35a321427c522eb.png,,2025-02-16 02:00:12,12065948,143816734,Python,北京,1,2026-05-15T11:06:34.218Z
品牌号产品运营-数据策略方向 (MJ006077),https://www.lagou.com/wn/jobs/11150059.html,微梦创科网络科技（中国）有限公司,微博,https://www.lagou.com/gongsi/5832.html,17k-18k,17,18,北京,海淀区,1-3年,本科,全职,运营|编辑|客服类,"社交平台, 社交媒体",2000人以上,社交媒体,上市公司,https://www.lgstatic.com/thumbnail_300x300/image1/M00/00/0D/CgYXBlTUWCCAdkhOAABNgyvZQag818.jpg,,2026-05-15 17:13:08,11150059,5832,Python,北京,2,2026-05-15T11:06:37.242Z
python后端开发工程师,https://www.lagou.com/wn/jobs/12359751.html,中国科学院空天信息创新研究院,中国科学院空天信息创新研究院,https://www.lagou.com/gongsi/122297341.html,15k-20k,15,20,北京,海淀区,1-3年,硕士,全职,开发|测试|运维类,"人工智能服务, IT技术服务｜咨询, 计算机相关专业",2000人以上,智能硬件,不需要融资,https://www.lgstatic.com/thumbnail_300x300/i/image6/M00/7D/2F/Cgp9HWJGSnCAYl99AAAWTl7K6Yo244.jpg,,2025-07-02 02:00:09,12359751,122297341,Python,北京,2,2026-05-15T11:06:37.242Z
python后端开发工程师,https://www.lagou.com/wn/jobs/12271494.html,北京泽全广告有限公司,泽全广告,https://www.lagou.com/gongsi/144782954.html,10k-15k,10,15,北京,通州区,1-3年,本科,全职,开发|测试|运维类,"数学/统计学相关专业, 人工智能服务, 机器学习算法/工程化经验, 电商平台",15-50人,"内容社区,工具类产品,专业服务｜咨询",上市公司,https://www.lgstatic.com/thumbnail_300x300/10/4958e2f6bdd44befb96fab7b7adc697e.png,,2025-05-12 02:00:02,12271494,144782954,Python,北京,2,2026-05-15T11:06:37.242Z
Python开发工程师 10k-20k,https://www.lagou.com/wn/jobs/11803154.html,北京铭丰凯甲科技有限责任公司,铭丰凯甲,https://www.lagou.com/gongsi/135167462.html,10k-20k,10,20,北京,石景山区,1-3年,本科,全职,开发|测试|运维类,"软件服务｜咨询, 全栈工程师, 机器学习算法/工程化经验, 后端工程师, 数据服务｜咨询",15-50人,"软件服务｜咨询,数据服务｜咨询,在线医疗",未融资,https://www.lgstatic.com/thumbnail_300x300/10/523e538592834b52bcf842f7184fecba.png,,2024-04-20 02:00:58,11803154,135167462,Python,北京,2,2026-05-15T11:06:37.242Z
Python开发工程师（OCR识别后处理方向）,https://www.lagou.com/wn/jobs/11216022.html,颐邦（北京）智能科技有限公司,颐邦科技,https://www.lagou.com/gongsi/452635.html,15k-25k,15,25,北京,海淀区,1-3年,本科,全职,开发|测试|运维类,"人工智能服务, OpenCV, 在线医疗",50-150人,"医疗丨健康,硬件",不需要融资,https://www.lgstatic.com/thumbnail_300x300/i/image6/M00/44/FF/CioPOWDBuG2AYXXJAABGhvypv-k831.png,,2024-03-03 02:00:10,11216022,452635,Python,北京,2,2026-05-15T11:06:37.242Z
后端开发工程师（Python/Golang）,https://www.lagou.com/wn/jobs/11311593.html,北京汉迪移动互联网科技股份有限公司,iHandy,https://www.lagou.com/gongsi/321870.html,10k-20k,10,20,北京,海淀区,1-3年,本科,全职,开发|测试|运维类,"软件服务｜咨询, 数据服务｜咨询",150-500人,游戏,不需要融资,https://www.lgstatic.com/thumbnail_300x300/i/image3/M00/1B/97/CgpOIFp9S0yARdf4AAAWYI2A5us915.jpg,,2023-07-24 19:29:18,11311593,321870,Python,北京,2,2026-05-15T11:06:37.242Z
python后端开发工程师,https://www.lagou.com/wn/jobs/10773324.html,北京牧游科技有限公司,牧游科技,https://www.lagou.com/gongsi/124666.html,10k-15k,10,15,北京,海淀区,1-3年,本科,全职,开发|测试|运维类,"GO, PHP, 游戏",50-150人,游戏,不需要融资,https://www.lgstatic.com/thumbnail_300x300/i/image/M00/20/75/Cgp3O1cOBXCAA61aAArM4WVSu-U006.png,,2023-06-17 02:00:17,10773324,124666,Python,北京,2,2026-05-15T11:06:37.242Z
Python开发中级工程师,https://www.lagou.com/wn/jobs/11152095.html,北京盈科千信科技有限公司,盈科千信,https://www.lagou.com/gongsi/765781.html,11k-15k,11,15,北京,海淀区,1-3年,本科,全职,开发|测试|运维类,"软件服务｜咨询, IT技术服务｜咨询",50-150人,"数据服务｜咨询,IT技术服务｜咨询",不需要融资,https://www.lgstatic.com/thumbnail_300x300/i/image2/M01/79/4D/CgoB5l1aSYOAVNEGAAAuCrmMZI4546.jpg,,2023-04-20 11:35:17,11152095,765781,Python,北京,2,2026-05-15T11:06:37.242Z
Python开发&amp;讲师,https://www.lagou.com/wn/jobs/10870269.html,优选创新（北京）科技有限公司,优选创新（北京）科技有限公司,https://www.lagou.com/gongsi/80178.html,8k-15k,8,15,北京,海淀区,1-3年,本科,全职,教育|培训,"在线教育, 在线直播课, Python培训",15-50人,在线教育,未融资,https://www.lgstatic.com/thumbnail_300x300/image1/M00/33/62/CgYXBlWTeyCAALLwAAApaDebDuI364.png?cc=0.7222042155917734,,2022-10-09 10:28:55,10870269,80178,Python,北京,2,2026-05-15T11:06:37.242Z
Python初级大数据开发工程师,https://www.lagou.com/wn/jobs/12538496.html,北京远大创新科技有限公司 ,远大创新,https://www.lagou.com/gongsi/479501.html,10k-15k,10,15,北京,海淀区,1-3年,本科,全职,开发|测试|运维类,"软件服务｜咨询, 爬虫经验, 人工智能服务, 计算机相关专业",500-2000人,"软件服务｜咨询,制造业",未融资,https://www.lgstatic.com/thumbnail_300x300/i/image2/M01/BA/57/CgotOVwYhwGAeHLCAAAVuANAGbE204.JPG,,2025-11-08 02:00:01,12538496,479501,Python,北京,2,2026-05-15T11:06:37.242Z
python后端开发工程师,https://www.lagou.com/wn/jobs/9726791.html,北京智海创讯信息技术有限公司,智海创讯,https://www.lagou.com/gongsi/45262.html,12k-24k,12,24,北京,海淀区,1-3年,本科,全职,开发|测试|运维类,"电商平台, 数据服务｜咨询",15-50人,IT技术服务｜咨询,A轮,https://www.lgstatic.com/thumbnail_300x300/image1/M00/00/73/Cgo8PFTUXZyAQ5ZcAACdYFm7wqg608.jpg,,2024-01-26 02:00:04,9726791,45262,Python,北京,2,2026-05-15T11:06:37.242Z
软件开发工程师 java c c++ python js,https://www.lagou.com/wn/jobs/11299622.html,华为技术有限公司,华为技术有限公司,https://www.lagou.com/gongsi/3060.html,15k-30k,15,30,北京,海淀区,1-3年,本科,全职,开发|测试|运维类,"软件服务｜咨询, C语言, IT技术服务｜咨询",2000人以上,"智能硬件,IT技术服务｜咨询,制造业",不需要融资,https://www.lgstatic.com/thumbnail_300x300/i/image/M00/67/04/CgpEMlmepHiAJmEXAAArAJs2qv0103.jpg,,2023-07-19 10:58:53,11299622,3060,Python,北京,2,2026-05-15T11:06:37.242Z
java/c/c++/python/js/测试/运维,https://www.lagou.com/wn/jobs/11030770.html,华为技术有限公司,华为技术有限公司,https://www.lagou.com/gongsi/3060.html,15k-30k,15,30,北京,海淀区,1-3年,本科,全职,开发|测试|运维类,"C语言, JavaScript, IT技术服务｜咨询",2000人以上,"智能硬件,IT技术服务｜咨询,制造业",不需要融资,https://www.lgstatic.com/thumbnail_300x300/i/image/M00/67/04/CgpEMlmepHiAJmEXAAArAJs2qv0103.jpg,,2023-02-08 11:25:51,11030770,3060,Python,北京,2,2026-05-15T11:06:37.242Z
国企正编-年包40w以内-后端开发（Java/C/go/python等),https://www.lagou.com/wn/jobs/11299345.html,安徽猎必达企业管理咨询有限公司,猎必达企业管理咨询,https://www.lagou.com/gongsi/135193988.html,15k-25k,15,25,北京,石景山区,1-3年,硕士,全职,开发|测试|运维类,"C++, C语言, 银行, 金融业",50-150人,软件服务｜咨询,未融资,https://www.lgstatic.com/thumbnail_300x300/10/68998def237a4d19866a4be78da64ccb.png,,2023-07-19 10:12:25,11299345,135193988,Python,北京,2,2026-05-15T11:06:37.242Z
python工程师,https://www.lagou.com/wn/jobs/12157545.html,杭州曼孚科技有限公司,杭州曼孚科技有限公司,https://www.lagou.com/gongsi/483379.html,9k-16k,9,16,北京,朝阳区,不限,本科,全职,开发|测试|运维类,"爬虫经验, 人工智能服务",50-150人,数据服务｜咨询,B轮,https://www.lgstatic.com/thumbnail_300x300/i/image2/M01/AD/56/CgoB5l3dHjGAJOgnAACH-a9d_t0513.jpg,,2025-01-05 02:00:22,12157545,483379,Python,北京,2,2026-05-15T11:06:40.503Z
python工程师,https://www.lagou.com/wn/jobs/12080709.html,北京天域盛业科技发展有限公司,天域盛业,https://www.lagou.com/gongsi/122594147.html,10k-18k,10,18,北京,海淀区,3-5年,大专,全职,开发|测试|运维类,人工智能服务,15-50人,智能硬件,未融资,https://www.lgstatic.com/thumbnail_300x300/images/logo_default.png,,2024-10-26 02:00:33,12080709,122594147,Python,北京,2,2026-05-15T11:06:40.503Z
python开发工程师,https://www.lagou.com/wn/jobs/11946426.html,北京阿提拉科技有限公司,阿提拉,https://www.lagou.com/gongsi/117782343.html,15k-25k,15,25,北京,西城区,3-5年,本科,全职,开发|测试|运维类,"软件服务｜咨询, 计算机相关专业",150-500人,软件开发,未融资,,,2024-07-06 02:00:34,11946426,117782343,Python,北京,2,2026-05-15T11:06:40.503Z
python开发,https://www.lagou.com/wn/jobs/9888143.html,京北方信息技术股份有限公司,京北方,https://www.lagou.com/gongsi/118515683.html,14k-17k,14,17,北京,海淀区,3-5年,本科,全职,开发|测试|运维类,"科技金融, IT技术服务｜咨询",2000人以上,IT技术服务｜咨询,上市公司,https://www.lgstatic.com/thumbnail_300x300/i/image6/M00/65/46/CioPOWGprYKAJMvZAAPBLPU6rns024.png,,2024-04-28 13:53:10,9888143,118515683,Python,北京,2,2026-05-15T11:06:40.503Z
python开发工程师,https://www.lagou.com/wn/jobs/11801273.html,文信博易（北京）科技有限公司,文信博易,https://www.lagou.com/gongsi/143772084.html,15k-25k,15,25,北京,昌平区,3-5年,本科,全职,开发|测试|运维类,"数学/统计学相关专业, 人工智能服务, 社交平台, 计算机相关专业",15-50人,工具类产品,未融资,https://www.lgstatic.com/thumbnail_300x300/10/4a1a479ce7e744a78c3358fb76e6d3d8.png,,2024-04-20 02:00:35,11801273,143772084,Python,北京,2,2026-05-15T11:06:40.503Z
Python开发工程师,https://www.lagou.com/wn/jobs/11760380.html,贝壳找房（北京）科技有限公司,贝壳,https://www.lagou.com/gongsi/55446.html,25k-40k,25,40,北京,海淀区,3-5年,本科,全职,开发|测试|运维类,"居住服务, 消费生活, 计算机相关专业",2000人以上,居住服务,上市公司,https://www.lgstatic.com/thumbnail_300x300/i/image6/M01/6E/FE/Cgp9HWIAlrqAVQ1tAAAWrDCJNg4614.png,,2024-03-30 02:00:26,11760380,55446,Python,北京,2,2026-05-15T11:06:40.503Z
python开发工程师,https://www.lagou.com/wn/jobs/11682283.html,成都优声科技有限公司,优声科技,https://www.lagou.com/gongsi/120609724.html,12k-16k,12,16,北京,海淀区,3-5年,本科,全职,开发|测试|运维类,汽车交易平台,150-500人,"信息安全,物联网",未融资,https://www.lgstatic.com/thumbnail_300x300/i/image/M00/34/17/Ciqc1F8RVUuAGAKpAAAHi-Pkg5U475.png,,2024-02-23 02:02:09,11682283,120609724,Python,北京,2,2026-05-15T11:06:40.503Z
python开发工程师,https://www.lagou.com/wn/jobs/11486296.html,北京数易科技有限公司,数易科技,https://www.lagou.com/gongsi/137110371.html,12k-15k,12,15,北京,大兴区,不限,本科,全职,开发|测试|运维类,"软件服务｜咨询, 人工智能服务, 计算机相关专业",15-50人,软件服务｜咨询,天使轮,https://www.lgstatic.com/thumbnail_300x300/10/76d5872beb084be693c788af049cfcb4.jpg,,2023-10-26 15:20:12,11486296,137110371,Python,北京,2,2026-05-15T11:06:40.503Z
python开发工程师,https://www.lagou.com/wn/jobs/11408758.html,中信银行股份有限公司,中信银行,https://www.lagou.com/gongsi/183305.html,25k-50k,25,50,北京,朝阳区,3-5年,本科,全职,开发|测试|运维类,"人工智能服务, 工具类产品, .NET, javascript",150-500人,金融业,上市公司,https://www.lgstatic.com/thumbnail_300x300/i/image/M00/25/57/CgqCHl7wXGeAasAIAAAkViopMTU266.jpg,,2023-09-11 13:50:36,11408758,183305,Python,北京,2,2026-05-15T11:06:40.503Z
python开发工程师,https://www.lagou.com/wn/jobs/11382329.html,北京热刺激光技术有限责任公司,热刺激光,https://www.lagou.com/gongsi/691371.html,20k-30k,20,30,北京,朝阳区,5-10年,本科,全职,开发|测试|运维类,"软件服务｜咨询, 制造业",500-2000人,智能硬件,未融资,https://www.lgstatic.com/thumbnail_300x300/i/image6/M00/3A/BF/CioPOWCA9dSAGYZ3AAAKSQ5pNiU494.png,,2023-08-28 11:07:24,11382329,691371,Python,北京,2,2026-05-15T11:06:40.503Z
python开发工程师,https://www.lagou.com/wn/jobs/11354547.html,合十思维（北京）科技有限公司,合十思维,https://www.lagou.com/gongsi/136854516.html,20k-35k,20,35,北京,昌平区,3-5年,本科,全职,开发|测试|运维类,"软件服务｜咨询, 人工智能服务",150-500人,"IT技术服务｜咨询,软件服务｜咨询,数据服务｜咨询",未融资,https://www.lgstatic.com/thumbnail_300x300/10/cde2c06765c34f1e973c82cc3df1acb4.png,,2023-08-18 11:14:02,11354547,136854516,Python,北京,2,2026-05-15T11:06:40.503Z
Python开发工程师,https://www.lagou.com/wn/jobs/11022838.html,志诺维思（北京）基因科技有限公司,志诺维思,https://www.lagou.com/gongsi/109217.html,15k-20k,15,20,北京,海淀区,不限,本科,全职,开发|测试|运维类,医疗｜保健｜美容,15-50人,"人工智能服务,数据服务｜咨询",B轮,https://www.lgstatic.com/thumbnail_300x300/i/image2/M01/91/27/CgotOVukcSmAAyI9AAB4YgclJxA049.png,,2023-07-31 02:00:01,11022838,109217,Python,北京,2,2026-05-15T11:06:40.503Z
python开发工程师,https://www.lagou.com/wn/jobs/11216826.html,广州新晨信息系统工程有限公司,广州新晨,https://www.lagou.com/gongsi/441153.html,9k-15k,9,15,北京,海淀区,不限,大专,全职,开发|测试|运维类,"软件服务｜咨询, MySQL, 科技金融",50-150人,IT技术服务｜咨询,上市公司,https://www.lgstatic.com/thumbnail_300x300/10/b34440518d2040af80307fac974a28db.jpg,,2023-07-29 02:00:04,11216826,441153,Python,北京,3,2026-05-15T11:06:44.922Z
python开发,https://www.lagou.com/wn/jobs/11158497.html,北京安技汇科技有限公司,安技汇,https://www.lagou.com/gongsi/126806034.html,20k-35k,20,35,北京,西城区,5-10年,不限,全职,开发|测试|运维类,"人工智能服务, 信息安全",少于15人,人工智能服务,未融资,https://www.lgstatic.com/thumbnail_300x300/images/logo_default.png,,2023-07-12 00:18:53,11158497,126806034,Python,北京,3,2026-05-15T11:06:44.922Z
python开发工程师,https://www.lagou.com/wn/jobs/9340648.html,北京热刺激光技术有限责任公司,热刺激光,https://www.lagou.com/gongsi/691371.html,15k-25k,15,25,北京,朝阳区,3-5年,本科,全职,开发|测试|运维类,MySQL,500-2000人,智能硬件,未融资,https://www.lgstatic.com/thumbnail_300x300/i/image6/M00/3A/BF/CioPOWCA9dSAGYZ3AAAKSQ5pNiU494.png,,2023-06-25 02:00:01,9340648,691371,Python,北京,3,2026-05-15T11:06:44.922Z
python开发,https://www.lagou.com/wn/jobs/11222000.html,上海捷科智诚科技有限公司,JETTECH,https://www.lagou.com/gongsi/74495.html,15k-18k,15,18,北京,海淀区,3-5年,本科,全职,开发|测试|运维类,"Java, MySQL, 金融业",2000人以上,"金融,其他",上市公司,https://www.lgstatic.com/thumbnail_300x300/i/image/M00/36/3C/CgpFT1lHR4yAMhw6AAAX5rzhiX4176.jpg,,2023-06-09 14:33:00,11222000,74495,Python,北京,3,2026-05-15T11:06:44.922Z
python开发工程师,https://www.lagou.com/wn/jobs/11221963.html,北京捷科智诚科技有限公司,北京捷科,https://www.lagou.com/gongsi/45650.html,14k-17k,14,17,北京,朝阳区,3-5年,本科,全职,开发|测试|运维类,软件服务｜咨询,2000人以上,IT技术服务｜咨询,上市公司,https://www.lgstatic.com/thumbnail_300x300/image1/M00/00/74/Cgo8PFTUXaGAI9-uAACU1nDuVhE379.png,,2023-06-09 14:13:32,11221963,45650,Python,北京,3,2026-05-15T11:06:44.922Z
python工程师,https://www.lagou.com/wn/jobs/5468220.html,北京迈迪培尔信息技术有限公司,北京迈迪培尔信息技术有限公司,https://www.lagou.com/gongsi/245715.html,6k-12k,6,12,北京,门头沟区,不限,本科,全职,开发|测试|运维类,"人工智能服务, 爬虫架构, 图像处理, MySQL, 后端, 数据库",15-50人,医疗丨健康,天使轮,https://www.lgstatic.com/thumbnail_300x300/i/image/M00/5F/E8/CgpEMlmRJ3eAVQZ8AAAje3uy0js535.jpg,,2023-05-12 14:34:58,5468220,245715,Python,北京,3,2026-05-15T11:06:44.922Z
python开发工程师,https://www.lagou.com/wn/jobs/11152925.html,北京维太格科技有限公司,VTECH,https://www.lagou.com/gongsi/104686.html,15k-20k,15,20,北京,朝阳区,不限,本科,全职,开发|测试|运维类,"Java, 旅游｜出行, IT技术服务｜咨询",50-150人,"IT技术服务｜咨询,生活服务",A轮,https://www.lgstatic.com/thumbnail_300x300/i/image/M00/01/01/Cgp3O1Zdc5mAfU0zAAA5F1FP69U771.jpg,,2023-05-05 02:00:46,11152925,104686,Python,北京,3,2026-05-15T11:06:44.922Z
python开发工程师,https://www.lagou.com/wn/jobs/11150682.html,宁波平方和投资管理合伙企业（有限合伙）,平方和投资,https://www.lagou.com/gongsi/113036.html,15k-30k,15,30,北京,海淀区,不限,本科,全职,开发|测试|运维类,金融业,15-50人,金融业,不需要融资,https://www.lgstatic.com/thumbnail_300x300/i/image/M00/02/D1/Cgp3O1adyQmAds-CAAGGCXiVU2M868.png,,2023-04-19 14:58:45,11150682,113036,Python,北京,3,2026-05-15T11:06:44.922Z
python,https://www.lagou.com/wn/jobs/11142785.html,西安英荟烁企业管理咨询所,西安英荟烁,https://www.lagou.com/gongsi/135156715.html,15k-22k,15,22,北京,海淀区,不限,不限,全职,开发|测试|运维类,"教育｜培训, 软件服务｜咨询, Java, C++, C语言",150-500人,教育｜培训,未融资,https://www.lgstatic.com/thumbnail_300x300/images/logo_default.png,,2023-04-14 08:06:16,11142785,135156715,Python,北京,3,2026-05-15T11:06:44.922Z
python开发工程师,https://www.lagou.com/wn/jobs/11077935.html,在线途游（北京）科技有限公司,途游,https://www.lagou.com/gongsi/2646.html,18k-36k,18,36,北京,朝阳区,不限,本科,全职,开发|测试|运维类,游戏,500-2000人,游戏,B轮,https://www.lgstatic.com/thumbnail_300x300/i/image/M00/04/01/CgqKkVbFXu-AdddWAAAnWoe0cyg923.png,,2023-04-07 02:00:15,11077935,2646,Python,北京,3,2026-05-15T11:06:44.922Z
python开发工程师,https://www.lagou.com/wn/jobs/11103368.html,北京优解未来科技有限公司,优解未来,https://www.lagou.com/gongsi/124366249.html,20k-40k,20,40,北京,大兴区,5-10年,本科,全职,开发|测试|运维类,"软件服务｜咨询, Java, C++",15-50人,"软件服务｜咨询,人工智能服务,物联网",天使轮,https://www.lgstatic.com/thumbnail_300x300/i/image6/M00/61/16/CioPOWGOBTGAdjRSAACofmYM6Ds662.png,,2023-03-20 19:43:31,11103368,124366249,Python,北京,3,2026-05-15T11:06:44.922Z
python开发工程师,https://www.lagou.com/wn/jobs/9884238.html,北京优解未来科技有限公司,优解未来,https://www.lagou.com/gongsi/124366249.html,20k-40k,20,40,北京,大兴区,3-5年,本科,全职,开发|测试|运维类,"软件服务｜咨询, Java, C++, 人工智能服务, C语言",15-50人,"软件服务｜咨询,人工智能服务,物联网",天使轮,https://www.lgstatic.com/thumbnail_300x300/i/image6/M00/61/16/CioPOWGOBTGAdjRSAACofmYM6Ds662.png,,2023-03-01 14:46:51,9884238,124366249,Python,北京,3,2026-05-15T11:06:44.922Z
大数据工程师 - 用户增长数据应用,https://www.lagou.com/wn/jobs/7521961.html,抖音视界（北京）有限公司,字节跳动,https://www.lagou.com/gongsi/62.html,20k-40k,20,40,北京,海淀区,3-5年,本科,全职,开发|测试|运维类,数据挖掘,2000人以上,"内容资讯,短视频",D轮及以上,https://www.lgstatic.com/thumbnail_300x300/10/a245ba93a25f4defbe9cd27fd9cb69a0.png,,2026-05-15 17:13:06,7521961,62,Python,北京,1,2026-05-15T11:07:13.598Z
人工智能开发,https://www.lagou.com/wn/jobs/12229487.html,亚信科技（中国）有限公司,亚信科技,https://www.lagou.com/gongsi/25322.html,15k-30k,15,30,北京,海淀区,3-5年,本科,全职,开发|测试|运维类,"软件服务｜咨询, Python",2000人以上,"软件服务｜咨询,IT技术服务｜咨询",上市公司,https://www.lgstatic.com/thumbnail_300x300/i/image2/M01/A1/42/CgotOVvS-F2ARLCqAAGhhVXKtLw993.jpg,,2026-05-15 15:53:14,12229487,25322,Python,北京,1,2026-05-15T11:07:13.598Z
服务端测试开发leader,https://www.lagou.com/wn/jobs/12035227.html,北京搜狐新媒体信息技术有限公司,搜狐集团,https://www.lagou.com/gongsi/106303.html,30k-50k,30,50,北京,海淀区,5-10年,本科,全职,开发|测试|运维类,"自动化测试, 互联网广告, 商业化",2000人以上,"内容资讯,游戏,音频｜视频媒体",上市公司,https://www.lgstatic.com/thumbnail_300x300/i/image3/M00/15/40/Cgq2xlpxrIKAPFRwAAAzLesdOpI884.png,,2026-05-15 17:13:17,12035227,106303,Python,北京,1,2026-05-15T11:07:17.765Z
python开发工程师,https://www.lagou.com/wn/jobs/11229156.html,上海科锐福克斯人才顾问有限公司,科锐福克斯,https://www.lagou.com/gongsi/122573590.html,40k-60k,40,60,北京,海淀区,5-10年,本科,全职,开发|测试|运维类,科技金融,150-500人,专业服务｜咨询,不需要融资,https://www.lgstatic.com/thumbnail_300x300/i/image6/M01/3C/49/CioPOWCJM1KAOU7gAAAQ5Efo_ZA668.png,,2023-06-15 11:08:14,11229156,122573590,Python,北京,1,2026-05-15T11:07:17.765Z
高级 Python 后端工程师,https://www.lagou.com/wn/jobs/12660244.html,北京正时联创科技有限公司,正时联创,https://www.lagou.com/gongsi/87315.html,25k-35k,25,35,北京,朝阳区,5-10年,本科,全职,开发|测试|运维类,"软件服务｜咨询, 人工智能服务, 机器学习算法/工程化经验, 计算机相关专业",15-50人,"IT技术服务｜咨询,物联网",不需要融资,https://www.lgstatic.com/thumbnail_300x300/i/image2/M01/43/44/CgoB5lz9pj6AQz7VAACEMagvOR0344.png,,2026-03-28 02:00:16,12660244,87315,Python,北京,1,2026-05-15T11:07:17.765Z
